{
    "loss": 6.34031343460083,
    "accuracy": 0.5035971403121948
}