{
    "loss": 4.587523460388184,
    "accuracy": 0.5179855823516846
}